sym,uniprot,tdl,protein_id
SERPINA2,P20848,Tdark,33
POTEKP,Q9BYX7,Tdark,52
AGPAT4-IT1,Q9H0P7,Tdark,84
AGAP14P,A8MT82,Tdark,86
ABHD13,Q7L211,Tdark,190
ADARB2-AS1,A8MUL3,Tdark,213
ALLC,Q8N6M5,Tdark,254
ANKRD20A8P,Q5CZ79,Tdark,264
ANKRD20A5P,A0PJZ0,Tdark,380
A4GNT,Q9UNA3,Tbio,384
AKAP7,O43687,Tbio,509
MLLT6,P55198,Tdark,552
AFAP1L1,Q8TED9,Tbio,553
ADORA2A-AS1,P86434,Tdark,603
ABCC13,Q9NSE7,Tdark,609
ARHGAP5-AS1,Q96IT6,Tdark,649
ANXA8L1,P13928,Tbio,753
ARGFX,A6NJG6,Tdark,780
ANHX,E9PGG2,Tdark,876
ARMCX6,Q7L4S7,Tdark,934
AKAIN1,P0CW23,Tdark,1172
ASNSD1,Q9NWL6,Tdark,1245
B3GNT8,Q7Z7M8,Tbio,1312
BAALC-AS2,P0C853,Tdark,1316
ACOT7L,Q6ZUV0,Tdark,1320
BAHCC1,Q9P281,Tbio,1364
ATXN8,Q156A1,Tdark,1402
BAGE,Q13072,Tdark,1416
BAGE4,Q86Y28,Tdark,1417
BAGE2,Q86Y30,Tbio,1441
BAGE5,Q86Y27,Tdark,1442
NBEAP1,P0C6P0,Tdark,1451
ASCL5,Q7RTU5,Tdark,1467
ANKRD26P1,Q6NSI1,Tdark,1495
ADAMTSL2,Q86TH1,Tbio,1551
BIVM,Q86UB2,Tdark,1606
LRRC75A-AS1,Q8N1F1,Tdark,1651
C1orf94,Q6P1W5,Tdark,1664
C1orf127,Q8N9H9,Tdark,1665
C1orf196,B1AJZ1,Tdark,1667
C1orf198,Q9H425,Tdark,1668
C1orf232,A0A0U1RR37,Tdark,1669
CA5BP1,Q8WTZ4,Tdark,1671
CACTIN-AS1,Q8N1I8,Tdark,1672
CTSL3P,Q5NE16,Tdark,1710
C2orf15,Q8WU43,Tdark,1712
C2orf27B,Q580R0,Tdark,1713
C2orf50,Q96LR7,Tdark,1714
CCDC144CP,Q8IYA2,Tdark,1817
C1orf53,Q5VUE5,Tdark,1819
C1orf74,Q96LT6,Tdark,1820
C1orf122,Q6ZSJ8,Tdark,1822
C1orf216,Q8TAB5,Tdark,1830
C1orf228,Q6PIY5,Tdark,1831
C2orf48,Q96LS8,Tdark,1847
C3orf33,Q6P1S2,Tbio,1858
BVES-AS1,Q5T3Y7,Tdark,1920
MIR1-1HG-AS1,Q96NR2,Tdark,1931
LINC00467,Q9BRT7,Tdark,1938
C1orf147,Q96MC9,Tdark,1941
C1orf167,Q5SNV9,Tdark,1944
C1orf174,Q8IYL3,Tdark,1945
C1orf195,Q5TG92,Tdark,1947
PIK3CD-AS1,Q5SR53,Tdark,1948
ZNF436-AS1,Q8NC38,Tdark,1949
BARGIN,Q6ZT62,Tbio,2002
BECN2,A8MW95,Tbio,2070
GUSBP11,Q6P575,Tdark,2077
C3P1,Q6ZMU1,Tdark,2104
CASP8AP2,Q9UKL3,Tbio,2109
C1orf185,Q5T7R7,Tdark,2113
C1orf220,Q5T0J3,Tdark,2117
C1orf229,Q6ZS94,Tdark,2118
BPESC1,Q9GZL8,Tdark,2193
CASC2,Q8IU53,Tdark,2225
CCDC154,A6NI56,Tdark,2252
CCDC188,H7C350,Tdark,2262
CCNQ,Q8N1B3,Tdark,2291
CCNYL3,P0C7X3,Tdark,2293
C2orf91,Q6ZV80,Tdark,2313
LINC00696,Q6ZRV3,Tdark,2318
CCDC194,A0A1B0GVG4,Tdark,2328
CCDC195,A0A1B0GUA6,Tdark,2329
CCDC197,Q8NCU1,Tdark,2330
CCNYL2,Q5T2Q4,Tdark,2344
C4orf50,Q6ZRC1,Tdark,2347
CDRT15L2,A8MXV6,Tdark,2349
CASTOR2,A6NHX0,Tbio,2373
C2orf78,A6NCI8,Tdark,2382
C3orf49,Q96BT1,Tdark,2395
CCDC192,P0DO97,Tdark,2405
CCDC74B,Q96LY2,Tdark,2407
,Q1T7F1,Tdark,2411
LINC01554,Q52M75,Tdark,2444
C5orf51,A6NDU8,Tdark,2445
C5orf64,Q2M2E5,Tdark,2446
CEACAM19,Q7Z692,Tdark,2448
CHMP4BP1,P59074,Tdark,2475
C9orf16,Q9BUW7,Tdark,2484
C9orf50,Q5SZB4,Tdark,2486
C9orf163,Q8N9P6,Tdark,2488
C10orf82,Q8WW14,Tdark,2494
C11orf96,Q7Z7L8,Tdark,2501
LINC01559,Q495D7,Tdark,2508
C12orf40,Q86WS4,Tdark,2509
C12orf66,Q96MD2,Tbio,2512
C12orf77,C9JDV5,Tdark,2513
CLEC20A,Q6ZU45,Tdark,2516
CLRN2,A0PK11,Tdark,2534
C6orf99,Q4VX62,Tdark,2571
C7orf65,Q6ZTY9,Tdark,2574
C9orf116,Q5BN46,Tdark,2599
C9orf153,Q5TBE3,Tdark,2603
C10orf95,Q9H7T3,Tdark,2611
C10orf142,B7Z368,Tdark,2612
C11orf98,E9PRG8,Tdark,2620
C5orf49,A4QMS7,Tdark,2643
LINC00472,Q9H8W2,Tdark,2670
LINC00473,A8K010,Tdark,2672
LINC00574,Q9H8X3,Tdark,2675
C7orf66,A4D0T2,Tdark,2691
CHST9,Q7L1S5,Tbio,2704
C5orf60,A6NFR6,Tdark,2797
C5orf66,Q9H5L9,Tdark,2798
C2orf70,A6NJV1,Tdark,2818
C5orf67,F2Z3F1,Tdark,2867
CELF2-AS1,Q8N7Q2,Tdark,2874
LINC00271,P0C7V0,Tdark,2893
C7orf33,Q8WU49,Tdark,2901
C7orf77,A4D0Y5,Tdark,2902
CCDC162P,A2VCL2,Tdark,2920
CCDC166,P0CW27,Tdark,2921
CCDC26,Q8TAB7,Tdark,2933
CCL14,Q16627,Tbio,2953
LINC01587,Q99440,Tdark,2967
C4orf48,Q5BLP8,Tdark,2970
CDCP2,Q5VXM1,Tdark,3003
LINC00242,Q5T6M2,Tdark,3013
C8orf48,Q96LL4,Tdark,3021
C8orf58,Q8NAV2,Tdark,3022
LINC00588,Q9Y4M8,Tdark,3023
C8orf74,Q6P047,Tdark,3024
C8orf76,Q96K31,Tdark,3025
LINC01558,Q9Y6Z2,Tdark,3051
C6orf132,Q5T0Z8,Tdark,3052
CFAP99,D6REC4,Tdark,3060
LINC01006,Q8NI28,Tdark,3064
C8orf49,Q96NF6,Tdark,3074
TRMT9B,Q8N9K7,Tdark,3075
C8orf87,E5RJ46,Tdark,3076
LINC00474,Q9P2X8,Tdark,3091
C9orf47,Q6ZRZ4,Tdark,3093
C9orf62,Q8N4C0,Tdark,3094
C9orf66,Q5T8R8,Tdark,3095
C9orf106,Q8NAJ2,Tdark,3098
LINC00476,Q8WZB0,Tdark,3099
C9orf139,Q6ZV77,Tdark,3101
C9orf170,A2RU37,Tdark,3102
LINC00575,Q6W349,Tdark,3109
C4orf47,A7E2U8,Tdark,3112
CDK11B,P21127,Tchem,3114
CEACAM20,Q6UY09,Tdark,3153
CEBPZOS,A8MTT3,Tdark,3155
CEMP1,Q6PRD7,Tbio,3157
CFAP70,Q5T0N1,Tdark,3175
CGB2,Q6NT52,Tdark,3182
C8orf31,Q8N9H6,Tdark,3184
C12orf42,Q96LP6,Tdark,3197
LINC01465,Q8N7H1,Tdark,3202
LINC00469,Q8N7U9,Tdark,3259
C17orf77,Q96MU5,Tdark,3262
C17orf82,Q86X59,Tdark,3263
C17orf99,Q6UX52,Tdark,3264
C17orf102,A2RUQ5,Tdark,3265
C17orf107,Q6ZR85,Tdark,3266
LINC00470,Q9BZP3,Tdark,3267
CDPF1,Q6NVV7,Tdark,3290
CHST7,Q9NS84,Tbio,3313
ARRDC1-AS1,Q9H2J1,Tdark,3317
C9orf57,Q5W0N0,Tdark,3318
C9orf84,Q5VXU9,Tdark,3319
C10orf62,Q5T681,Tdark,3327
C10orf105,Q8TEF2,Tdark,3330
C11orf21,Q9P2W6,Tdark,3333
LINC00167,Q96N53,Tdark,3335
C11orf53,Q8IXP5,Tdark,3337
C11orf88,Q6PI97,Tdark,3340
C15orf65,H3BRN8,Tdark,3352
LINC00346,Q8IVM7,Tdark,3357
COL5A1-AS1,Q5SY13,Tdark,3440
C17orf47,Q8NEP4,Tdark,3464
LINC00305,Q7Z4B0,Tdark,3470
LINC01387,J3KSC0,Tdark,3471
C16orf47,Q6ZP98,Tdark,3497
C17orf98,A8MV24,Tdark,3513
CRYM-AS1,A6NIL9,Tdark,3519
LINC01549,A6NIU2,Tdark,3530
CLUHP3,Q96NS8,Tdark,3534
CMC4,P56277,Tdark,3536
C14orf144,Q96I85,Tdark,3542
LINC01599,Q8WXQ3,Tdark,3543
C15orf54,Q8N8G6,Tdark,3554
COG8,Q96MW5,Tbio,3569
CLPSL2,Q6UWE3,Tdark,3587
CYP4Z2P,Q8N1L4,Tdark,3617
LINC00526,Q96FQ7,Tdark,3630
C18orf65,Q6ZTR6,Tdark,3632
C19orf81,C9J6K1,Tdark,3643
C19orf84,I3L1E1,Tdark,3644
C10orf67,Q8IYJ2,Tdark,3656
C10orf88,Q9H8K7,Tdark,3657
C10orf120,Q5SQS8,Tdark,3659
LINC00523,Q86TU6,Tdark,3706
TEDC1,Q86SX3,Tdark,3707
CSNK1G2-AS1,Q8NCQ2,Tdark,3710
C15orf40,Q8WUR7,Tdark,3723
LINC00614,P0C842,Tdark,3741
C11orf16,Q9NQ32,Tdark,3743
LINC01619,G3V211,Tdark,3752
CLLU1,Q5K131,Tbio,3776
C14orf132,Q9NPU4,Tdark,3788
CNK3/IPCEF1,G9CGD6,Tdark,3795
C20orf187,Q9UGB4,Tdark,3847
C20orf202,A1L168,Tdark,3848
CT45A1,Q5HYN5,Tbio,3849
LINC00114,Q6XXX2,Tdark,3857
LINC00322,Q6ZN03,Tdark,3859
DEFB131B,A0A096LNP1,Tdark,3885
C19orf71,A6NCJ1,Tdark,3909
C16orf91,Q4G0I0,Tdark,3918
CT45A2,P0DMV2,Tdark,3924
CT62,P0C5K7,Tdark,3926
CTAGE8,Q8IX94,Tdark,3931
LINC00528,Q8N1L1,Tdark,3947
CXorf65,A6NEN9,Tdark,3951
CST9L,Q9H4G1,Tbio,3973
LINC01620,Q4KN68,Tdark,3975
C20orf173,Q96LM9,Tdark,3978
CT45A6,P0DMV0,Tdark,3981
CT45A10,P0DMU9,Tdark,3982
CTAGE1,Q96RT6,Tdark,3986
CTAGE15,A4D2H0,Tdark,3988
LINC00846,Q9NV44,Tdark,4001
CWC25,Q9NXE8,Tdark,4005
LINC01560,Q8TB33,Tdark,4007
RTL8C,O15255,Tdark,4030
DANCR,P0C864,Tdark,4048
CYSRT1,A8MQ03,Tdark,4057
CIRBP-AS1,Q8TBR5,Tdark,4065
VENTXP1,P0C5K6,Tdark,4081
NCOR1P1,Q9H4R4,Tdark,4082
CTAGE9,A4FU28,Tdark,4093
LINC00308,Q8TCZ7,Tdark,4103
LINC00310,P59036,Tdark,4104
C22orf24,Q9Y442,Tdark,4109
LINC01545,Q5VT33,Tdark,4110
LINC00527,Q9UJ94,Tdark,4129
CXorf1,O96002,Tbio,4132
DAZ1,Q9NQZ3,Tbio,4170
DEFB108A,A8MXU0,Tdark,4171
DEFB114,Q30KQ6,Tbio,4174
DEFB121,Q5J5C9,Tdark,4175
LINC00304,Q8N9R0,Tdark,4212
C17orf78,Q8N4C9,Tdark,4230
CROCCP3,Q8IVE0,Tdark,4252
C19orf44,Q9H6X5,Tdark,4257
C20orf78,Q9BR46,Tdark,4275
CT45A6,P0DMU7,Tdark,4281
C22orf31,O95567,Tdark,4301
DDX11L8,A8MPP1,Tdark,4312
DPY19L2P1,Q6NXN4,Tdark,4317
DACH1,Q9UI36,Tbio,4342
DEFB133,Q30KQ1,Tdark,4350
DEFB134,Q4QY38,Tdark,4351
DGAT2L7P,Q6IED9,Tbio,4507
DHRS11,Q6UWP2,Tbio,4513
DND1,Q8IYX4,Tbio,4521
DNAJC9-AS1,A6NH13,Tdark,4605
HMGN2P46,Q86SG4,Tdark,4775
DSCR10,P59022,Tdark,4820
DUX4L4,P0CJ87,Tdark,4828
DUX4L6,P0CJ89,Tdark,4829
EP400P1,Q6ZTU2,Tdark,4847
HLA-DRB3,P79483,Tchem,4865
DUX4L5,P0CJ88,Tdark,4872
DUX4L7,P0CJ90,Tdark,4873
DUX4,Q9UBX2,Tbio,4875
EEF1A1P5,Q5VTE0,Tdark,4907
EFCAB10,A6NFE3,Tdark,4909
,Q6ZN92,Tdark,4939
DVL1P1,P54792,Tdark,4940
EFCAB14,O75071,Tdark,4958
DSCR9,P59020,Tdark,4971
DUX4L2,P0CJ85,Tdark,4978
,P0DN84,Tdark,4985
EBLN2,Q6P2I7,Tdark,5083
EDDM13,A0A1B0GTR0,Tdark,5091
ERVK-18,O42043,Tdark,5112
ERVK-21,P61565,Tdark,5113
ERVK-5,Q9HDB8,Tdark,5114
ERVK-7,P61567,Tdark,5116
EMILIN3,Q9NT22,Tdark,5293
,Q9N2K0,Tdark,5351
C21orf33,P30042,Tbio,5371
FAM183BP,Q6ZVS7,Tdark,5407
FAM200A,Q8TCP9,Tdark,5415
FAM240A,A0A1B0GVK7,Tdark,5420
FAM27E3,Q08E93,Tdark,5423
FAM71E1,Q6IPT2,Tdark,5424
FAM90A7P,A6NKC0,Tdark,5428
FAM90A27P,A6NNH2,Tdark,5432
FAM201A,Q5SY85,Tdark,5519
FAM236D,A0A1B0GTK5,Tdark,5525
FAM86JP,Q05BU3,Tdark,5526
F8A1,P23610,Tbio,5527
FAM90A13P,P0C7W8,Tdark,5530
FAM87A,P0C7U9,Tdark,5536
FAM169B,Q8N8A8,Tdark,5548
FAM200B,P0CF97,Tdark,5555
,Q9N2J8,Tdark,5628
ERVK13-1,Q9NX77,Tdark,5631
ERVK-19,O71037,Tdark,5632
ERVK-25,P61570,Tdark,5634
ERVK-8,Q902F8,Tdark,5635
ERVK-9,Q9UKH3,Tdark,5636
CDIPT-AS1,P0DO92,Tdark,5639
ERVS71-1,P61550,Tdark,5641
EPPK1,P58107,Tdark,5655
FAM157C,P0CG43,Tdark,5695
FAM220BP,B1ANY3,Tdark,5709
FAM231D,Q6ZW35,Tdark,5715
FAM237A,A0A1B0GTK4,Tdark,5717
FAM90A20P,A6NIJ5,Tdark,5722
FBXL19-AS1,Q494R0,Tdark,5758
FAM27B,Q5VT28,Tdark,5805
FCGBP,Q9Y6R7,Tbio,5824
FER1L6-AS1,Q8NA97,Tdark,5831
FAM25C,B3EWG5,Tdark,5861
ERVK-25,P61579,Tdark,5865
EXOC3-AS1,Q8N2X6,Tdark,5876
FAM106CP,P0CH98,Tdark,5886
ST13P5,Q8NFI4,Tdark,5888
FAM205BP,Q63HN1,Tdark,5902
FAM209B,Q5JX69,Tdark,5903
FAM227B,Q96M60,Tdark,5905
FAM229A,H3BQW9,Tdark,5906
FAM231A,P0DMU4,Tdark,5907
FAM240B,A0A1B0GVZ2,Tdark,5909
FAM241B,Q96D05,Tdark,5910
FAM74A1,Q5RGS3,Tdark,5915
FAM86C2P,A6NEL3,Tdark,5916
FAM90A18P,A6NE21,Tdark,5918
FCGR2C,P31995,Tbio,5949
FAM106A,Q4KMX7,Tdark,5962
FAM153C,Q494X1,Tdark,5969
FAM182A,Q5T1J6,Tdark,5978
FAM187A,A6NFU0,Tdark,5980
FAM196B,A6NMK8,Tdark,5983
FAM218A,Q96MZ4,Tdark,5986
FAM223B,A6NKX1,Tdark,5989
FAM231C,P0DMU5,Tdark,5990
FAM90A8P,A6NJQ4,Tdark,5995
FAM90A14P,P0C7W9,Tdark,5996
FAM90A15P,P0C7V4,Tdark,5997
FAM90A24P,P0C7X0,Tdark,5998
LINC00869,P0C866,Tdark,5999
FAM45BP,Q6NSW5,Tdark,6004
FAM74A4,Q5TZK3,Tdark,6018
FER1L6-AS2,Q96M78,Tdark,6041
FAM205C,A6NFA0,Tdark,6112
FAM217A,Q8IXS0,Tdark,6118
FAM220A,Q7Z4H9,Tdark,6119
FAM227A,F5H4B4,Tdark,6121
FAM71B,Q8TC56,Tdark,6124
FKBP9P1,Q75LS8,Tdark,6151
FMO6P,O60774,Tdark,6178
FNDC10,F2Z333,Tdark,6181
GAL3ST2,Q9H3Q3,Tbio,6214
GAGE1,Q13065,Tbio,6221
ERVK-9,P63126,Tdark,6222
ERVK-24,P63145,Tdark,6323
FOLH1B,Q9HBA9,Tbio,6336
ERVK-10,P87889,Tdark,6368
GATC,O43716,Tbio,6381
FOXL2NB,Q6ZUU3,Tdark,6402
FADS2P1,A8MWK0,Tdark,6411
FAM25E,A8MYX2,Tdark,6417
FER1L4,A9Z1Z3,Tdark,6432
FRMD8P1,Q9BZ68,Tdark,6435
SLC37A4,O43826,Tchem,6449
HERVK_113,P62684,Tdark,6451
GAFA1,Q96PS6,Tdark,6452
GAGE2E,Q4V326,Tdark,6454
ERVK-6,Q7LDI9,Tdark,6456
GNG14,A0A1W2PPG7,Tdark,6472
GOLGA6L4,A6NEF3,Tdark,6506
GGNBP2,Q9H3C7,Tbio,6510
FOXD4L6,Q3SYB3,Tdark,6526
FBXL21,Q9UKT6,Tdark,6530
FXYD6P3,P58550,Tdark,6533
GPR32P1,Q8NGA4,Tdark,6535
GAGE4,Q13068,Tdark,6546
ERVK-5,Q9HDB9,Tdark,6548
GCRG224,Q8WZA8,Tdark,6564
GOLGA6L22,H0YM25,Tdark,6575
GAGE6,Q13070,Tdark,6585
GLB1L3,Q8NCI6,Tdark,6617
GLTPD2,A6NH11,Tdark,6631
GOLGA8A,A7E2F4,Tbio,6652
GOLGA8IP,A6NC78,Tdark,6715
GOLGA8R,I6L899,Tdark,6716
GSTT2,P0CG29,Tbio,6756
GXYLT1,Q4G148,Tdark,6769
GXYLT2,A0PJZ3,Tdark,6770
GOLGA6L10,A6NI86,Tdark,6802
GAGE2D,Q9UEU5,Tdark,6803
GGT3P,A6NGU5,Tdark,6808
GGTA1P,Q4G0N0,Tdark,6811
TUBGCP5,Q96RT8,Tbio,6832
GINM1,Q9NU53,Tdark,6836
GKN3P,P0CG01,Tdark,6842
GLYCAM1,Q8IVK1,Tdark,6844
GLMP,Q8WWB7,Tdark,6850
GRIP2,Q9C0E4,Tdark,6878
GPANK1,O95872,Tbio,6900
GTF2I,P78347,Tbio,6931
GCNT2P,Q5T4J0,Tdark,6958
GOLGA6B,A6NDN3,Tdark,7001
GSG1L2,A8MUP6,Tdark,7016
GAGE12G,P0CL82,Tbio,7037
GOLGA6L1,Q8N7Z2,Tdark,7038
GOLGA2P5,Q9HBQ8,Tdark,7040
GK3P,Q14409,Tdark,7046
,P02729,Tdark,7054
GLYATL2,Q8WU03,Tbio,7055
GON4L,Q3T8J9,Tbio,7062
GON7,Q9BXV9,Tdark,7063
,P02728,Tdark,7073
HIST1H2AJ,Q99878,Tdark,7119
HSP90AB4P,Q58FF6,Tdark,7127
HEXA-AS1,Q9H8Q6,Tdark,7139
HEATR9,A2RTY3,Tdark,7141
GOLGA8CP,A6NN73,Tdark,7153
GOLGA8H,P0CJ92,Tdark,7155
GOLGA8O,A6NCC3,Tdark,7157
GP1BB,P13224,Tbio,7173
GPAT2,Q6NUI2,Tbio,7175
POLR2M,P0CAP2,Tbio,7201
H2AFB3,P0C5Z0,Tdark,7208
HCP5,Q6MZN7,Tdark,7227
MTRNR2L13,S4R3P1,Tdark,7249
MTRNR2L7,P0CJ74,Tdark,7251
HMSD,A8MTL9,Tdark,7254
GSC,P56915,Tbio,7264
GUCD1,Q96NT3,Tdark,7278
GVQW2,A0A096LPI5,Tdark,7280
GVINP1,Q7Z2Y8,Tdark,7313
GVQW1,Q8N7I0,Tdark,7314
HMGB1P1,B2RPK0,Tdark,7355
GSC2,O15499,Tbio,7373
HSP90AB2P,Q58FF8,Tdark,7418
HSP90AB3P,Q58FF7,Tdark,7419
N6AMT1,Q9Y5N5,Tbio,7432
HEPN1,Q6WQI6,Tdark,7446
HILS1,P60008,Tbio,7460
MTRNR2L2,P0CJ69,Tdark,7475
MTRNR2L10,P0CJ77,Tdark,7498
IGHV1-24,A0A0C4DH33,Tdark,7524
IGHV4-30-2,A0A087WSY4,Tdark,7527
IGHV7-4-1,A0A0J9YVY3,Tdark,7531
IGHV4-30-4,P0DP06,Tdark,7532
HYAL1,Q12794,Tbio,7536
ICA1L,Q8NDH6,Tdark,7539
HSPA7,P48741,Tbio,7592
IGHV3-21,A0A0B4J1V1,Tdark,7716
C19orf38,A8MVS5,Tdark,7731
HLA-H,P01893,Tbio,7736
HERC2P3,Q9BVR0,Tdark,7755
HSP90AA2P,Q14568,Tbio,7763
HSP90AA5P,Q58FG0,Tdark,7764
HSFX3,A0A1B0GWH4,Tdark,7766
IGHV1-69D,A0A0B4J2H0,Tdark,7817
IGHV3-30-3,P0DP02,Tdark,7818
IGHV1-18,A0A0C4DH31,Tdark,7852
IGHV3-30-5,P0DP03,Tdark,7857
IGHV3-66,A0A0C4DH42,Tdark,7858
IGHV3-73,A0A0B4J1V6,Tdark,7859
IGHV4-31,P0DP07,Tdark,7860
HYPM,O75409,Tdark,7878
IL13RA2,Q14627,Tbio,7882
EIF1AY,O14602,Tbio,7897
IGF2BP2-AS1,Q96M15,Tdark,7902
,P0DOX3,Tbio,7910
IGF2-AS,Q6U949,Tdark,7947
,P0DOX5,Tdark,7950
FAM212B,Q9NTI7,Tdark,7975
PPP1R2B,Q6NXS1,Tdark,7989
IFNL4,K9M1U5,Tbio,8030
,P0DOX4,Tdark,8037
INAFM1,C9JVW0,Tdark,8060
SPINK7,P58062,Tbio,8081
JMY,Q8N9B5,Tbio,8108
KBTBD7,Q8WVZ9,Tdark,8147
TOR1AIP2,Q9H496,Tdark,8183
KIAA1024,Q9UPX6,Tdark,8279
KCNE1B,A0A087WTH5,Tdark,8306
KCNJ18,B7U540,Tdark,8310
KIF28P,B7ZC32,Tdark,8349
KIAA1024L,P59773,Tdark,8377
KIAA0895L,Q68EN5,Tdark,8383
INAFM2,P0DMQ5,Tdark,8480
INCA1,Q0VD86,Tbio,8482
IQCF1,Q8N6M8,Tdark,8520
ISY1,Q9ULR0,Tdark,8554
JRK,O75564,Tbio,8567
KRT75,O95678,Tbio,8582
IGHV1-8,P0DP01,Tdark,8608
IGHV2-26,A0A0B4J1V2,Tdark,8609
IGHV3-20,A0A0C4DH32,Tdark,8613
IGHV3-43,A0A0B4J1X8,Tdark,8616
IGHV3-49,A0A0A0MS15,Tdark,8617
IGHV3-64,A0A075B6Q5,Tdark,8618
IGHV3-74,A0A0B4J1X5,Tdark,8619
IGHV4-28,A0A0C4DH34,Tdark,8620
IL17RD,Q8NFM7,Tbio,8633
IBA57-AS1,B1ANH7,Tdark,8638
IGSF23,A1L1A6,Tdark,8655
IL20,Q9NYY1,Tbio,8660
PPP1R2C,O14990,Tdark,8676
INE1,O15225,Tdark,8693
INTS5,Q6P9B9,Tdark,8696
PPP1R2P1,Q96PQ5,Tdark,8702
IQCM,A0A1B0GVH7,Tdark,8708
KIAA0408,Q6ZU52,Tdark,8734
KBTBD6,Q86V97,Tdark,8762
KRTAP10-3,P60369,Tdark,8833
KRTAP20-1,Q3LI63,Tdark,8836
KRTAP20-3,Q3LI60,Tdark,8837
KRTAP23-1,A1A580,Tdark,8838
KRTAP5-11,Q6L8G4,Tdark,8839
KRTAP5-3,Q6L8H2,Tdark,8845
KRTAP5-4,Q6L8H1,Tdark,8846
KRTAP5-5,Q701N2,Tdark,8847
KRTAP5-7,Q6L8G8,Tdark,8848
KRTAP9-3,Q9BYQ3,Tdark,8853
KRTAP9-9,Q9BYP9,Tdark,8855
IGKV2-29,A2NJV5,Tdark,8862
CLC,Q05315,Tbio,8869
LKAAEAR1,Q8TD35,Tdark,8893
KLLN,B2CW77,Tbio,8982
KRTAP10-4,P60372,Tdark,8998
KRTAP10-11,P60412,Tdark,9000
KRTAP15-1,Q3LI76,Tdark,9004
KRTAP25-1,Q3LHN0,Tdark,9010
KRTAP1-3,Q8IUG1,Tdark,9014
KLKP1,Q107X0,Tdark,9020
KRTCAP2,Q8N6L1,Tbio,9026
IGKV2-40,A0A087WW87,Tdark,9033
LCE6A,A0A183,Tdark,9057
PNLIPRP2,P54317,Tbio,9100
LILRA3,Q8N6C8,Tbio,9102
LDLRAD2,Q5SZI1,Tdark,9116
LCN1P1,Q5VSP4,Tdark,9150
LCE1D,Q5T752,Tbio,9152
LCE2A,Q5TA79,Tdark,9153
LCE2C,Q5TA81,Tdark,9154
LCE3B,Q5TA77,Tbio,9155
LCE5A,Q5TCM9,Tdark,9157
LEXM,Q3ZCV2,Tbio,9162
LIX1L,Q8IVB5,Tdark,9181
KIR2DL5B,Q8NHK3,Tdark,9192
KIR2DS2,P43631,Tdark,9194
KIR2DS4,P43632,Tdark,9195
KIR2DS5,Q14953,Tdark,9196
KIR3DP1,A8MWS1,Tdark,9198
KIR3DS1,Q14943,Tbio,9199
KIRREL3-AS3,Q8N7Y1,Tdark,9200
KRTAP10-6,P60371,Tdark,9235
KRTAP10-7,P60409,Tdark,9236
KRTAP12-1,P59990,Tdark,9238
KRTAP12-2,P59991,Tdark,9239
KRTAP13-1,Q8IUC0,Tdark,9240
KRTAP19-3,Q7Z4W3,Tdark,9243
KRTAP1-4,P0C5Y4,Tdark,9246
KRTAP4-1,Q9BYQ7,Tdark,9251
KRTAP4-6,Q9BYQ5,Tdark,9254
KRTAP6-1,Q3LI64,Tdark,9259
KRTAP6-2,Q3LI66,Tdark,9260
KRTAP9-7,A8MTY7,Tdark,9262
LINC00312,Q9Y6C7,Tdark,9270
LAMC2,Q13753,Tbio,9277
LLCFC1,Q96L11,Tdark,9298
KPTN,Q9Y664,Tbio,9307
KRTAP12-3,P60328,Tdark,9312
KRTAP16-1,A8MUX0,Tdark,9314
KRTAP19-1,Q8IUB9,Tdark,9316
KRTAP19-6,Q3LI70,Tdark,9317
KRTAP21-3,Q3LHN1,Tdark,9318
KRTAP22-1,Q3MIV0,Tdark,9319
KRTAP4-12,Q9BQ66,Tdark,9323
KRTAP2-4,Q9BYR9,Tdark,9326
KRT83,P78385,Tbio,9335
C18orf54,Q8IYD9,Tbio,9360
TMBIM4,Q9HC24,Tbio,9370
PQLC2,Q6ZP29,Tdark,9391
LACRT,Q9GZZ8,Tbio,9392
BPIFA4P,Q86YQ2,Tdark,9414
LBX2,Q6XYB7,Tbio,9419
KIAA1147,A4D1U4,Tdark,9420
KRTCAP3,Q53RY4,Tdark,9451
KIR3DX1,Q9H7L2,Tdark,9466
KRT37,O76014,Tdark,9509
LUZP6,Q538Z0,Tdark,9570
IGLV2-8,P01709,Tdark,9574
LYPD4,Q6UWN0,Tbio,9594
MAB21L2,Q9Y586,Tbio,9616
MAB21L3,Q8N8X9,Tdark,9617
MEA1,Q16626,Tbio,9639
MEIS3,Q99687,Tbio,9650
METTL24,Q5JXM2,Tdark,9659
MS4A10,Q96PG2,Tdark,9693
MAIP1,Q8WWC4,Tdark,9715
PMCHL2,Q9BQD1,Tdark,9745
MDFIC2,A0A1B0GVS7,Tdark,9754
IGLV5-39,A0A0G2JS06,Tdark,9769
LYPD8,Q6UX82,Tdark,9776
MS4A13,Q5J8X5,Tdark,9783
MAGEA5,P43359,Tdark,9790
LTC4S,Q16873,Tchem,9826
MASP1,P48740,Tbio,9872
MAGEB17,A8MXT2,Tdark,9902
PMCHL1,Q16048,Tdark,9938
MDS2,Q8NDY4,Tdark,9951
LYSMD2,Q8IV50,Tdark,10017
MAGEA13P,A6NCF6,Tdark,10028
MBD3L5,A6NJ08,Tdark,10048
L1RE1,Q9UN81,Tbio,10056
LDLRAD1,Q5T700,Tdark,10066
LRRC24,Q50LG9,Tdark,10072
MARCH8,Q5T0T0,Tbio,10144
C1orf56,Q9BUN1,Tdark,10169
MINDY1,Q8N5J2,Tbio,10186
MIR1-1HG,Q9H1L0,Tdark,10187
MITD1,Q8WV92,Tbio,10200
MMP21,Q8N119,Tbio,10214
MPZL2,O60487,Tbio,10236
METTL16,Q86W50,Tbio,10239
METTL7B,Q6UX53,Tbio,10241
MFSD11,O43934,Tdark,10247
MFSD12,Q6NUT3,Tdark,10248
MFSD6L,Q8IWD5,Tdark,10250
MIEF1,L0R8F8,Tbio,10265
MPC1L,P0DKB6,Tdark,10285
MINDY4B,A8MYZ0,Tdark,10299
MRFAP1L1,Q96HT8,Tdark,10338
MFSD13A,Q14CX5,Tdark,10360
MGAT3,Q09327,Tchem,10367
MIER1,Q8N108,Tbio,10376
KIAA0753,Q2KHM9,Tdark,10419
MINDY4,Q4G0A6,Tdark,10465
MKRN9P,Q6NVV0,Tdark,10473
MOCS2,O96007,Tbio,10501
MRGPRG-AS1,Q2M3A8,Tdark,10506
MROH5,Q6ZUA9,Tdark,10509
MSGN1,A6NI15,Tbio,10513
MEGF9,Q9H1U4,Tdark,10526
MEIKIN,A0A087WXM9,Tdark,10527
MFSD14C,Q5VZR4,Tdark,10537
SLC25A28,Q96A46,Tbio,10540
MFSD1,Q9H3U5,Tdark,10543
MIER2,Q8N344,Tbio,10551
MIGA1,Q8NAN2,Tbio,10553
MZT2B,Q6NZ67,Tdark,10569
N4BP2L2,Q92802,Tbio,10570
NAA15,Q9BXJ9,Tbio,10572
NLRP13,Q86W25,Tdark,10579
NLRP8,Q86W28,Tdark,10585
NANOS1,Q8WY41,Tbio,10586
NBPF9,Q3BBW0,Tdark,10596
NBPF14,Q5TI25,Tdark,10598
NBPF15,Q8N660,Tdark,10599
NBPF26,B4DH59,Tdark,10601
MSC,O60682,Tbio,10613
MYH16,Q9H6N6,Tbio,10623
MZT1,Q08AG7,Tdark,10644
NACC2,Q96BF6,Tbio,10648
NAALADL2,Q58DX5,Tdark,10650
NAGS,Q8N159,Tbio,10653
NAT14,Q8WUY8,Tbio,10661
NAT8L,Q8N9F0,Tbio,10663
NAT8,Q9UHE5,Tbio,10664
PMP2,P02689,Tbio,10695
MYBPC1,Q00872,Tbio,10696
NAA16,Q6N069,Tbio,10700
NAB1,Q13506,Tbio,10702
NACA,Q13765,Tbio,10704
QPRT,Q15274,Tbio,10705
MSMP,Q1L6U9,Tdark,10707
METTL21EP,A6NDL7,Tdark,10716
MYOCOS,A0A1B0GUC4,Tdark,10725
MYCLP1,P12525,Tdark,10726
MYT1,Q01538,Tchem,10735
N4BP3,O15049,Tdark,10738
NAA30,Q147X3,Tbio,10739
NAA40,Q86UY6,Tbio,10740
NACAP1,Q9BZK3,Tdark,10744
EXD3,Q9NX53,Tdark,10746
MYO15B,Q96JP2,Tdark,10750
MYCL,P12524,Tbio,10756
PDE4DIP,Q5VU43,Tbio,10773
MYBPC2,Q14324,Tbio,10779
NAA11,Q9BSU3,Tbio,10783
NAA35,Q5VZE5,Tbio,10786
NAB2,Q15742,Tbio,10787
NLRP4,Q96MN2,Tbio,10792
ART5,Q96L15,Tbio,10795
NARF,Q9UHQ1,Tbio,10796
NCEH1,Q6PIU2,Tchem,10808
NBPF3,Q9H094,Tdark,10829
NBPF12,Q5TAG4,Tdark,10830
DR1,Q01658,Tbio,10832
NCMAP,Q5T1S8,Tdark,10837
NEUROD2,Q15784,Tbio,10839
NELL1,Q92832,Tbio,10863
NES,P48681,Tbio,10864
NTN3,O00634,Tdark,10865
MS4A7,Q9GZW8,Tdark,10882
MSMB,P08118,Tbio,10885
MSRB1,Q9NZV6,Tbio,10886
MT1DP,A1L3X4,Tdark,10887
MT1G,P13640,Tbio,10890
MTMR2,Q13614,Tbio,10901
SBF2,Q86WG5,Tbio,10905
MUC19,Q7Z5P9,Tbio,10917
MUC2,Q02817,Tbio,10920
MUC3B,Q9H195,Tdark,10922
MORC4,Q8TE76,Tdark,10931
MORN1,Q5T089,Tbio,10932
MORN2,Q502X0,Tdark,10933
MPC1,Q9Y5U8,Tbio,10940
MROH1,Q8NDA8,Tdark,10942
MTERF2,Q49AM1,Tbio,10955
MTMR6,Q9Y217,Tbio,10960
MTMR9,Q96QG7,Tbio,10961
MTUS2,Q5JR59,Tbio,10964
MUM1,Q2TAK8,Tdark,10971
MTMR10,Q9NXD2,Tdark,10985
MTMR11,A4FU01,Tdark,10986
MVD,P53602,Tchem,10991
MYH3,P11055,Tbio,10996
MYNN,Q9NPC7,Tbio,10999
MRM1,Q6IN84,Tbio,11026
,B2RBV5,Tdark,11029
NEUROD4,Q9HD90,Tbio,11043
NFE2L3,Q9Y4A8,Tbio,11068
NINL,Q9Y2I6,Tbio,11074
ZC3HC1,Q86WB0,Tbio,11077
KLRC4,O43908,Tbio,11081
NKX1-1,Q15270,Tdark,11084
NOMO2,Q5JPE7,Tbio,11098
ERVK-5,P61583,Tdark,11109
NPIPB9,F8W1W9,Tdark,11116
NIPSNAP3B,Q9BS92,Tbio,11119
SLC17A2,O00624,Tbio,11121
NAGA,P17050,Tbio,11124
NANOGP1,Q8N7R0,Tdark,11127
NANOS3,P60323,Tbio,11128
NBPF11,Q86T75,Tdark,11137
NBPF19,A0A087WUL8,Tdark,11138
NCDN,Q9UBB6,Tbio,11142
NCF1C,A8MVU1,Tdark,11143
NCKAP5,O14513,Tbio,11148
SLC24A5,Q71RS6,Tbio,11151
PPP1R9A,Q9ULJ8,Tbio,11169
NEMP2,A6NFY4,Tdark,11176
NFE2L1,Q14494,Tbio,11179
NICN1,Q9BSH3,Tdark,11187
NEMP1,O14524,Tdark,11212
CMAS,Q8NFW8,Tbio,11214
NKAP,Q8N5F7,Tbio,11219
NUTM2D,Q5VT03,Tdark,11260
NUTM2G,Q5VZR2,Tdark,11261
NCBP2-AS2,Q69YL0,Tdark,11267
NCOA4,Q13772,Tbio,11272
NFE4,Q86UQ8,Tbio,11274
NHEJ1,Q9H9Q4,Tbio,11288
NHLRC4,P0CG21,Tdark,11289
NIF3L1,Q9GZT8,Tbio,11295
C17orf75,Q9HAS0,Tbio,11299
NETO1,Q8TDF5,Tbio,11331
NFATC2IP,Q8NCF5,Tbio,11341
NFATC4,Q14934,Tbio,11345
NEFL,P07196,Tbio,11348
NHSL1,Q5SYE7,Tbio,11354
NOMO3,P69849,Tdark,11363
ERVK-24,P61581,Tdark,11368
NPIPA5,E9PKD4,Tdark,11372
FAM129C,Q86XR2,Tdark,11385
NKX2-6,A6NCS4,Tbio,11389
NAXD,Q8IW45,Tdark,11404
NOMO1,Q15155,Tbio,11410
NOTO,A8MTQ0,Tdark,11414
NOV,P48745,Tbio,11416
NPIPB13,A6NJU9,Tdark,11418
NPIPA8,E9PJI5,Tdark,11424
NPIPB7,O75200,Tdark,11426
NPY6R,Q99463,Tbio,11433
NTM-AS1,Q6ZSK4,Tdark,11439
NUTM2B,A6NNL0,Tdark,11444
NUTM2F,A1L443,Tdark,11445
OR10A6,Q8NH74,Tdark,11473
OR52E1,Q8NGJ3,Tdark,11499
OR5AC1,P0C628,Tdark,11500
NKAPD1,Q6ZUT1,Tdark,11505
NKX1-2,Q9UD57,Tdark,11510
NPIPB8,E9PQR5,Tdark,11541
NIPSNAP3A,Q9UFN0,Tdark,11544
NPVF,Q9HCQ7,Tdark,11549
NR2E3,Q9Y5X4,Tbio,11555
NIPAL4,Q0D2K0,Tbio,11570
NPCDR1,Q9BY65,Tdark,11599
NPIPA8,P0DM63,Tdark,11601
NPIPB3,Q92617,Tdark,11602
NRM,Q8IXM6,Tbio,11620
LEPROT,O15243,Tbio,11635
SLC25A21,Q9BQT8,Tbio,11638
OGFRL1,Q5TC84,Tchem,11643
PCOTH,Q58A44,Tdark,11714
CDKN2A-AS1,Q9UH64,Tdark,11715
NSUN5P2,Q63ZY6,Tdark,11717
NUTM2E,B1AL46,Tdark,11720
NXNL1,Q96CM4,Tbio,11735
OPA3,Q9H6K4,Tbio,11747
OLFML3,Q9NRN5,Tdark,11748
OLFML2A,Q68BL7,Tdark,11750
OVOS2,Q6IE36,Tdark,11770
PPIAL4A,Q9Y536,Tdark,11790
NSMCE4A,Q9NXX6,Tdark,11830
NSG2,Q9Y328,Tdark,11858
NUP188,Q5SRE5,Tbio,11871
OCEL1,Q9H607,Tdark,11887
MGEA5,O60502,Tchem,11895
NSG1,P42857,Tbio,11901
NSUN5P1,Q3KNT7,Tdark,11903
NXPH4,O95158,Tbio,11912
OR10AC1,Q8NH08,Tdark,11918
OR13C6P,Q8NH95,Tdark,11941
OR14L1P,Q8NHC6,Tdark,11944
OR2T11,Q8NH01,Tdark,11950
OR51B2,Q9Y5P1,Tdark,11960
OR51G1,Q8NGK1,Tdark,11963
OR52A4P,A6NMU1,Tdark,11965
OR52L2P,Q8NGH6,Tdark,11975
OR52P1P,Q8NH57,Tdark,11977
OR52R1,Q8NGF1,Tdark,11978
OCR1,Q9BZK8,Tdark,11997
ODF3B,A8MYP8,Tdark,12000
OPN1MW,P04001,Tbio,12007
OR1B1,Q8NGR6,Tdark,12011
OR2B8P,P59922,Tdark,12024
OR4A4P,Q8NGN8,Tdark,12038
OR4A8,P0C604,Tdark,12040
OR4M2,Q8NGB6,Tdark,12053
OR4Q2,P0C623,Tdark,12057
OR5D13,Q8NGL4,Tdark,12067
OR8B3,Q8NGG8,Tdark,12099
ORMDL1,Q9P0S3,Tdark,12107
POM121C,A8CG34,Tdark,12112
,A6NNC1,Tdark,12114
OAZ3,Q9UMX2,Tbio,12118
OGFOD2,Q6N063,Tdark,12121
OTOP2,Q7RTS6,Tdark,12139
PPP4R3A,Q6IN85,Tbio,12159
PADI3,Q9ULW8,Tchem,12172
OLIG3,Q7RTU3,Tbio,12178
OOSP2,Q86WS3,Tdark,12183
OR1E3,Q8WZA6,Tdark,12197
OR2I1P,Q8NGU4,Tdark,12208
OR2T7,P0C7T2,Tdark,12220
OR8J2,Q8NGG1,Tdark,12243
OR8S1,Q8NH09,Tdark,12247
OR9G9,P0C7N8,Tdark,12249
OSBPL9,Q96SU4,Tbio,12255
OSCP1,Q8WVF1,Tbio,12258
OTOP1,Q7RTM1,Tbio,12260
POM121,Q96HA1,Tbio,12271
OR10D4P,Q8NGN7,Tdark,12296
OR10J4,P0C629,Tdark,12306
OR13C2,Q8NGS9,Tdark,12315
OR13C7,P0DN81,Tdark,12316
OR52Z1,P0C646,Tdark,12355
OR8G2P,Q6IF36,Tdark,12364
OAF,Q86UD1,Tbio,12365
OGFR,Q9NZT2,Tbio,12378
OPLAH,O14841,Tdark,12379
OR1P1,Q8NH06,Tdark,12386
OR1S1,Q8NH92,Tdark,12387
OR2W6P,Q8NHA6,Tdark,12409
OR4E1,P0C645,Tdark,12419
OR4K3,Q96R72,Tdark,12425
OR8B4,Q96RC9,Tdark,12460
OR8D2,Q9GZM6,Tdark,12462
OR8K3,Q8NH51,Tdark,12465
OR8U8,P0C7N1,Tdark,12467
OR8U9,P0C7N5,Tdark,12468
OR9A1P,Q8NGU1,Tdark,12469
OMD,Q99983,Tbio,12491
OTUD7B,Q6GQQ9,Tbio,12508
PAGE5,Q96GU1,Tbio,12529
PPIAL4E,A0A075B759,Tdark,12536
PAPPA-AS1,Q5QFB9,Tdark,12540
PCDH20,Q8N6Y1,Tbio,12583
PCDHB16,Q9NRJ7,Tdark,12599
PCDHGB5,Q9Y5G0,Tdark,12610
PAGE2,Q7Z2X7,Tdark,12671
PPIAL4C,A0A0B4J2A2,Tdark,12721
PDXDC2P,Q6P474,Tdark,12750
PDZK1P1,A8MUH7,Tdark,12752
MIR7-3HG,Q8N6C7,Tdark,12794
PEX5,P50542,Tbio,12860
PIGY,Q3MUY2,Tdark,12874
PCGF2,P35227,Tbio,12899
LGALS13,Q9UHV8,Tbio,12979
PRB4,P10163,Tbio,13004
PRB1,P04280,Tdark,13025
PRR31,Q5SQ13,Tdark,13031
PMS2P5,A8MQ11,Tdark,13095
PNMA6F,A0A0J9YX94,Tdark,13096
POTEB3,Q6S5H4,Tbio,13112
LGALS14,Q8TCE9,Tdark,13121
PMS2P3,Q13401,Tdark,13163
ERVK-11,Q9UQG0,Tdark,13181
ERVK-6,Q9BXR3,Tdark,13184
PHF24,Q9UPV7,Tdark,13196
PLAC4,Q8WY50,Tdark,13214
PLGLA,Q15195,Tdark,13224
PIN1P1,O15428,Tdark,13251
ERVK-8,P63133,Tdark,13292
POMZP3,Q6PJE2,Tdark,13298
PIGBOS1,A0A0B4J2F0,Tdark,13351
PLEKHA8P1,O95397,Tdark,13364
PMS2P2,O95744,Tdark,13401
ERVK-19,Q9WJR5,Tdark,13417
ERVK-9,P63128,Tdark,13419
PRAMEF18,Q5VWM3,Tdark,13454
PRAMEF13,Q5VWM6,Tdark,13506
PRAMEF17,Q5VTA0,Tdark,13507
PRAMEF19,Q5SWL8,Tdark,13508
PROB1,E7EW31,Tdark,13531
PPP4R1L,Q9P1A2,Tdark,13542
PRSS29P,A6NIE9,Tdark,13556
PRSS47,A8MTI9,Tdark,13561
PREPL,Q4J6C6,Tchem,13570
PPHLN1,Q8NEY8,Tbio,13574
PRORY,Q9H606,Tdark,13584
PRR29,P0C7W0,Tdark,13593
PYDC2,Q56P42,Tbio,13632
PYY3,Q5JQD4,Tdark,13634
PTAR1,Q7Z6K3,Tdark,13659
PSMG4,Q5JS54,Tdark,13739
PSMG3,Q9BT73,Tchem,13808
PET100,P0DJ07,Tbio,13863
PRR23A,A6NEV1,Tdark,13896
PRAMEF26,H0Y7S4,Tdark,13900
PRAMEF27,A3QJZ7,Tdark,13901
PRAMEF33,A0A0G2JMD5,Tdark,13902
PROSER2,Q86WR7,Tdark,13933
RPL13AP3,Q6NVV1,Tdark,13960
PYY2,Q9NRI6,Tdark,14020
RBM15B,Q8NDT2,Tbio,14059
RABGAP1L,B7ZAP0,Tdark,14062
TAF15,Q92804,Tbio,14124
RBMY1B,A6NDE4,Tbio,14126
RDM1,Q8NG50,Tbio,14180
HERV-K104,P61576,Tdark,14181
ERVK-16,P61578,Tdark,14182
ERVK-19,P61572,Tdark,14183
ERVK-6,Q69383,Tbio,14249
RBM12B-AS1,Q9P1G2,Tdark,14359
RBMY1A1,P0DJD3,Tbio,14380
RBMY1C,P0DJD4,Tdark,14381
RBMY1E,A6NEQ0,Tdark,14382
RCC1L,Q96I51,Tdark,14386
RHPN1-AS1,Q9BWJ2,Tdark,14393
RIG,Q13278,Tdark,14564
RPLP0P6,Q8NHW5,Tdark,14599
,A6NIZ1,Tdark,14869
RP1L1,Q8IWN7,Tbio,14870
RPS4Y1,P22090,Tbio,14914
RPS26P11,Q5JNZ5,Tdark,14917
RPS4Y2,Q8TD47,Tdark,14940
RRP7BP,Q9NSQ0,Tdark,14958
RPS10P5,Q9NQ39,Tdark,14960
MRPS21,P82921,Tdark,15000
S100A7L2,Q5SY68,Tdark,15035
SLC25A53,Q5H9E4,Tdark,15042
SPATA31B1P,Q5VZV4,Tdark,15045
SPATA31D1,Q6ZQQ2,Tdark,15046
SAMD1,Q6SPF0,Tdark,15069
SPACA6,W5XKT8,Tdark,15096
SH2B2,O14492,Tbio,15137
SHANK2-AS3,Q9BTD1,Tdark,15141
SMIM11A,P58511,Tdark,15154
SIRPB1,O00241,Tbio,15175
SPATA31A3,Q5VYP0,Tdark,15206
SEC11B,P0C7V7,Tdark,15241
SEC22B,O75396,Tbio,15244
RSC1A1,Q92681,Tbio,15286
SPATA31D3,P0C874,Tdark,15348
SCGB1C2,P0DMR2,Tdark,15423
SMIM11B,Q8TCY0,Tdark,15454
SLC22A20P,A6NK97,Tdark,15478
SPATA31A5,Q5VU36,Tdark,15492
SCX,Q7RTU7,Tbio,15551
SPATA31A1,Q5TZJ5,Tdark,15575
SLC6A14,Q9UN76,Tchem,15580
SLC35A4,Q96G79,Tdark,15595
SLC35G3,Q8N808,Tdark,15602
SLC5A3,P53794,Tbio,15645
SCAND2P,Q9GZW5,Tdark,15660
SMIM10L2B,P0DMW4,Tdark,15764
SMIM10,Q96HG1,Tdark,15765
SMCO2,A6NFE2,Tdark,15774
SNHG12,Q9BXW3,Tdark,15790
SPESP1,Q6UW49,Tbio,15828
SMCR5,Q8TEV8,Tdark,15902
SGMS1,Q86VZ5,Tchem,15976
SNURFL,B1AK76,Tdark,15980
SPATA6L,Q8N4H0,Tdark,16002
SPAAR,A0A1B0GVQ0,Tbio,16006
MTREX,P42285,Tbio,16032
SNURF,Q9Y675,Tbio,16061
SPRR4,Q96PI1,Tdark,16077
SPANXN5,Q5MJ07,Tdark,16091
SSC4D,Q8WTU2,Tdark,16094
SRCIN1,Q9C0H9,Tbio,16098
SRSF8,Q9BRL6,Tdark,16106
SUPT20HL1,Q3ZLR7,Tdark,16118
STAG3L2,P0CL84,Tdark,16165
SMIM6,P0DI80,Tdark,16188
SMLR1,H3BR10,Tdark,16190
SPDYE5,A6NIY4,Tdark,16216
SPRR5,A0A1B0GTR4,Tdark,16229
SAGE2P,A6NJ88,Tdark,16279
SLFNL1,Q499Z3,Tdark,16315
SMIM7,Q9BQ49,Tdark,16323
SND1-IT1,Q9HBX3,Tdark,16339
SERPINA13P,Q6UXR4,Tdark,16386
SPEM2,Q0P670,Tdark,16404
SPATC1,Q76KD6,Tdark,16405
SSPO,A2VEC9,Tdark,16434
SSX4,O60224,Tbio,16438
SSX6,Q7RTT6,Tdark,16439
ST20-AS1,Q8NBB2,Tdark,16450
SFT2D3,Q587I9,Tdark,16478
SKIDA1,Q1XH10,Tdark,16507
SLC9B1P1,A6NJY1,Tdark,16514
SMAD5-AS1,Q9Y6J3,Tdark,16523
SMCO3,A2RU48,Tdark,16526
,Q4G0T1,Tdark,16550
SRY,Q05066,Tbio,16556
SSBP3-AS1,Q7Z2R9,Tdark,16558
SSX8,Q7RTT4,Tdark,16661
STMND1,H3BQB6,Tdark,16698
TMEM191B,P0C7N4,Tdark,16734
TP73-AS1,Q9UF72,Tdark,16849
TSGA10IP,Q3SY00,Tdark,16881
STAG3L1,P0CL83,Tdark,16892
STMP1,E0CX11,Tdark,16916
TBC1D3,Q6IPX1,Tdark,16994
TBC1D3F,A6NER0,Tdark,16995
TBC1D3H,P0C7X1,Tdark,16996
TBC1D3K,A0A087X1G2,Tdark,16997
TEX48,A0A1B0GUV7,Tdark,17013
TMEM170A,Q8WVE7,Tdark,17036
TMEM183B,Q1AE95,Tdark,17040
TMEM200B,Q69YZ2,Tdark,17044
TPT1P8,Q9HAU6,Tdark,17090
TDRG1,Q3Y452,Tdark,17094
LINC00311,Q8N616,Tdark,17185
TMEM202,A6NGA9,Tdark,17193
TMCO2,Q7Z6W1,Tdark,17212
TMEM44,Q2T9K0,Tdark,17223
TMEM120A,Q9BXJ8,Tdark,17246
,Q9Y3F1,Tdark,17275
TAF9,Q16594,Tbio,17292
TBC1D3B,A6NDS4,Tbio,17302
TBC1D3D,A0A087WVF3,Tdark,17303
TBC1D3G,Q6DHY5,Tdark,17305
TCP10L,Q8TDR4,Tbio,17338
TEDDM1,Q5T9Z0,Tdark,17348
TBL1Y,Q9BQ87,Tbio,17404
TDGF1P3,P51864,Tdark,17423
TEX46,H3BTG2,Tdark,17444
TGIF2LY,Q8IUE0,Tdark,17449
,A6NNZ2,Tdark,17485
THEGL,P0DJG4,Tdark,17546
TERB2,Q8NHR7,Tdark,17549
TMEM238,C9JI98,Tdark,17585
TSPY2,A6NKD2,Tdark,17660
TSTD3,H0UI37,Tdark,17666
,P04436,Tdark,17680
TCRB,P04435,Tdark,17682
TXLNGY,Q9BZA5,Tdark,17688
TLX1NB,P0CAT3,Tdark,17705
TMEM247,A6NEH6,Tdark,17714
TMEM265,A0A087WTH1,Tdark,17715
TMEM39A,Q9NV64,Tbio,17718
TRGC2,P03986,Tdark,17757
C16orf82,Q7Z2V1,Tdark,17879
,Q56UQ5,Tdark,17903
TRPC5OS,A6NMA1,Tdark,17906
TRIM75P,A6NK02,Tdark,17930
TMCO6,Q96DC7,Tdark,17960
TMEM75,Q8N9X5,Tdark,17973
LINC00052,Q96N35,Tdark,17975
,Q6ZNB5,Tdark,17986
TSPY3,Q01534,Tbio,18008
TSPY3,P0CV98,Tbio,18009
TSPY4,P0CV99,Tdark,18010
TSPY4,P0CW01,Tdark,18011
TTC41P,Q6P2S7,Tdark,18033
TTTY10,Q9BZA0,Tdark,18044
TTTY13,Q9BZ97,Tdark,18045
TSPY26P,Q9H489,Tdark,18058
USP27X,A6NNY8,Tdark,18092
TMEM42,Q69YG0,Tdark,18135
TRBC2,A0A5B9,Tdark,18239
TSPEAR-AS2,P59090,Tdark,18265
UBE2DNL,Q8IWF7,Tdark,18311
TMEM14EP,Q6UXP3,Tdark,18352
TMEM253,P0C7T8,Tdark,18374
TMEM81,Q6P7N7,Tdark,18394
TMEM94,Q12767,Tdark,18396
TOMM6,Q96B49,Tdark,18412
TOR2A,Q8N2E6,Tbio,18415
UMODL1-AS1,Q8N2C9,Tdark,18425
UPK3BL2,B0FP48,Tdark,18432
UHRF1,Q96T88,Tbio,18457
UPK3BL2,E5RIL1,Tdark,18459
VN1R5,Q7Z5H4,Tdark,18530
ERVK-18,P63123,Tdark,18535
ERVK-21,P63119,Tdark,18536
ERVK-8,P63122,Tdark,18537
,A6NN06,Tdark,18545
UQCRFS1P1,P0C7P4,Tdark,18566
UHRF1BP1L,A0JNW5,Tdark,18578
,P01858,Tdark,18607
TEX13C,A0A0J9YWL9,Tdark,18610
TYW1B,Q6NUM6,Tdark,18620
UBTFL6,P0CB48,Tdark,18681
UCMA,Q8WVF2,Tbio,18699
USP17L12,C9JPN9,Tdark,18702
UMAD1,C9J7I0,Tdark,18704
URB1-AS1,Q96HZ7,Tdark,18728
USP9Y,O00507,Tbio,18734
TCRA,P04437,Tdark,18741
TRBV12-3,P01733,Tdark,18742
TEX261,Q6UWH6,Tdark,18744
,Q5XG85,Tdark,18758
LINC00643,Q86TS7,Tdark,18759
TTC6,Q86TZ1,Tdark,18820
TTTY12,Q9BZ98,Tdark,18833
TMSB4Y,O14604,Tdark,18844
USP17L7,P0C7H9,Tdark,18852
,Q5VV11,Tdark,18855
,Q6Q795,Tdark,18872
VSIG10L,Q86VR7,Tdark,18897
VSIG10L2,P0DP72,Tdark,18899
WDR24,Q96S15,Tdark,18915
WHAMMP3,Q1A5X7,Tdark,18931
VN1R17P,Q8TDU5,Tdark,18956
ERVK-24,P63129,Tdark,18957
ERVK-7,P63131,Tdark,18958
WFDC10A,Q9H1F0,Tdark,18993
WFDC9,Q8NEX5,Tdark,18999
VN1R3,Q9BXE9,Tdark,19032
WASH6P,Q9NQA3,Tdark,19114
WDR87,Q6ZQQ6,Tdark,19150
XKR5,Q6UX68,Tdark,19160
WFDC3,Q8IUB2,Tdark,19182
WWC2-AS2,Q96NR7,Tdark,19188
HERV-K104,P63124,Tdark,19206
,Q6ZS92,Tdark,19252
YDJC,A8MPS7,Tdark,19254
,A4D1N5,Tdark,19258
,Q8N7P7,Tdark,19260
,Q8N1Y9,Tdark,19261
,A8MUI8,Tdark,19262
,Q7L0L9,Tdark,19263
LINC01356,Q8N9X3,Tdark,19266
,Q9H8V8,Tdark,19268
,Q6UY13,Tdark,19269
SMIM37,Q8NCU8,Tdark,19270
,Q8NA96,Tdark,19272
,Q8N9P0,Tdark,19273
,A6NL46,Tdark,19274
,Q6ZVH6,Tdark,19281
,Q6AWC8,Tdark,19283
,Q9UHU1,Tdark,19284
,Q6ZRG5,Tdark,19285
,A6NJY4,Tdark,19286
,A8MT66,Tdark,19287
,Q96IR3,Tdark,19288
,Q8N402,Tdark,19289
,Q6ZRP5,Tdark,19293
,A8MXE2,Tdark,19297
,Q8NDZ9,Tdark,19298
,Q6ZRN7,Tdark,19302
,A8MU76,Tdark,19303
,Q5W150,Tdark,19308
,Q8N1X5,Tdark,19312
,Q6ZSV7,Tdark,19313
,Q71RG6,Tdark,19316
,Q6ZSN1,Tdark,19318
,Q5PR19,Tdark,19319
LINC00173,Q6ZV60,Tdark,19321
,Q9UF83,Tdark,19322
,Q6ZVL8,Tdark,19324
,Q6ZT83,Tdark,19328
,Q6ZVQ6,Tdark,19329
SMIM34A,A8MWV9,Tdark,19334
ZFHX2,Q9C0A1,Tdark,19366
ZDHHC16,Q969W1,Tdark,19390
ZNF595,Q8IYB9,Tdark,19458
ZNF8,P17098,Tdark,19516
,Q8N2B8,Tdark,19537
,Q1RN00,Tdark,19539
,Q9UI72,Tdark,19541
,Q6ZNX1,Tdark,19542
,Q9UHT4,Tdark,19543
,Q8N814,Tdark,19544
,A8MV72,Tdark,19545
C9orf163,Q96NJ1,Tdark,19546
,Q8TAT8,Tdark,19553
,Q0VFX4,Tdark,19555
,Q6UXQ8,Tdark,19557
,Q8N9W7,Tdark,19558
,Q6ZQY7,Tdark,19559
,Q96MF0,Tdark,19560
,Q9UI25,Tdark,19561
,A8MWP6,Tdark,19563
,Q6ZRU5,Tdark,19564
,A8MUN3,Tdark,19565
,Q6ZVU0,Tdark,19566
,Q6ZTI0,Tdark,19567
,Q8IYB0,Tdark,19568
,Q3C1V9,Tdark,19569
,Q6ZUT4,Tdark,19570
,Q96M85,Tdark,19574
ZMYM1,Q5SVZ6,Tdark,19606
ZNF658,Q5TYW1,Tbio,19679
ZNF670,Q9BS34,Tdark,19680
ZNF718,Q3SXZ3,Tdark,19693
ZNF888,P0CJ79,Tdark,19711
,Q8NAQ8,Tdark,19715
,Q6UXR8,Tdark,19716
ZNF705E,A8MWA4,Tdark,19721
ZNF229,Q9UJW7,Tdark,19755
ZNF542P,Q5EBM4,Tdark,19808
ZNF761,Q86XN6,Tdark,19835
ZNF806,P0C7X5,Tdark,19847
ZNF56,Q15929,Tdark,19871
ZNHIT3,Q15649,Tbio,19877
,A8MVM7,Tdark,19888
,Q9H379,Tdark,19889
,Q9BRP9,Tdark,19892
,A1L4Q6,Tdark,19893
,A6NDX4,Tdark,19896
,A8MX80,Tdark,19904
,Q9P1D8,Tdark,19906
,Q8N6K4,Tdark,19907
,Q6UXU0,Tdark,19910
,Q6ZSA8,Tdark,19911
,Q6ZR03,Tdark,19912
,Q8N9L7,Tdark,19913
ZBED6CL,Q96FA7,Tdark,19914
ZCCHC23,Q6ZST2,Tdark,19929
,Q8N377,Tdark,19973
,Q9UFV3,Tdark,19975
,Q96M66,Tdark,19978
,A8MXK9,Tdark,19981
,Q6ZWC4,Tdark,19984
,A8MWP4,Tdark,19987
ZCCHC18,P0CG32,Tdark,19989
ZNF815P,A8K554,Tdark,20033
ZNF840P,A6NDX5,Tdark,20038
ZNF2,Q9BSG1,Tbio,20053
ZSCAN5DP,P0CG00,Tdark,20072
ZSWIM1,Q9BR11,Tdark,20080
